[{"type":"drag-and-drop","id":127,"title":"Drag and drop the answer","text":"Java program.","hint":"The correct answer will create a complete Java program.","points":25,"scoringType":"PROPORTIONAL_WITH_PENALTY","randomizeOrder":true,"invalid":false,"backgroundFilePath":"/api/files/drag-and-drop/backgrounds/127/dnd_image_2024-12-03T07-46-44-840_q0_background.png","dropLocations":[{"id":39,"posX":24,"posY":123,"width":151,"height":10,"invalid":false},{"id":40,"posX":24,"posY":135,"width":151,"height":12,"invalid":false},{"id":41,"posX":24,"posY":149,"width":151,"height":11,"invalid":false},{"id":42,"posX":24,"posY":162,"width":151,"height":10,"invalid":false},{"id":43,"posX":24,"posY":174,"width":151,"height":13,"invalid":false}],"dragItems":[{"id":39,"text":"isStudent","invalid":false},{"id":40,"text":"age","invalid":false},{"id":41,"text":"boolean ","invalid":false},{"id":42,"text":"String","invalid":false},{"id":43,"text":"isStudent","invalid":false}],"correctMappings":[{"id":51,"dragItemIndex":3,"dropLocationIndex":0,"invalid":false,"dragItem":{"id":42,"text":"String","invalid":false},"dropLocation":{"id":39,"posX":24,"posY":123,"width":151,"height":10,"invalid":false}},{"id":52,"dragItemIndex":2,"dropLocationIndex":1,"invalid":false,"dragItem":{"id":41,"text":"boolean ","invalid":false},"dropLocation":{"id":40,"posX":24,"posY":135,"width":151,"height":12,"invalid":false}},{"id":53,"dragItemIndex":1,"dropLocationIndex":2,"invalid":false,"dragItem":{"id":40,"text":"age","invalid":false},"dropLocation":{"id":41,"posX":24,"posY":149,"width":151,"height":11,"invalid":false}},{"id":54,"dragItemIndex":0,"dropLocationIndex":3,"invalid":false,"dragItem":{"id":39,"text":"isStudent","invalid":false},"dropLocation":{"id":42,"posX":24,"posY":162,"width":151,"height":10,"invalid":false}},{"id":55,"dragItemIndex":4,"dropLocationIndex":4,"invalid":false,"dragItem":{"id":43,"text":"isStudent","invalid":false},"dropLocation":{"id":43,"posX":24,"posY":174,"width":151,"height":13,"invalid":false}}]},{"type":"short-answer","id":128,"title":"Short question","text":"###Fill in the blanks to complete the following code.\n\npublic class Main {\n    public static void main(String[] args) {\n        int num = 29;\n        boolean isPrime = true;\n        \n        for (int i = 2; i [-spot 1] num / 2; i++) {  // blank 1\n            if (num [-spot 2] i [-spot 3] 0) {  // blank 2 và 3\n                isPrime = false;\n                break;\n            }\n        }\n        \n        if (isPrime) {\n            System.out.println(num + \" is Prime\");\n        } else {\n            System.out.println(num + \" is not Prime\");\n        }\n    }\n}\n\n##Suggestions: \n+ %\n+ >\n+ ==\n+ <=\n+ <","points":15,"scoringType":"PROPORTIONAL_WITHOUT_PENALTY","randomizeOrder":true,"invalid":false,"spots":[{"id":7,"spotNr":1,"width":15,"invalid":false},{"id":8,"spotNr":2,"width":15,"invalid":false},{"id":9,"spotNr":3,"width":15,"invalid":false}],"solutions":[{"id":7,"text":"<=","invalid":false},{"id":8,"text":"%","invalid":false},{"id":9,"text":"==","invalid":false}],"correctMappings":[{"id":25,"shortAnswerSpotIndex":0,"shortAnswerSolutionIndex":0,"invalid":false,"solution":{"id":7,"text":"<=","invalid":false},"spot":{"id":7,"spotNr":1,"width":15,"invalid":false}},{"id":26,"shortAnswerSpotIndex":1,"shortAnswerSolutionIndex":1,"invalid":false,"solution":{"id":8,"text":"%","invalid":false},"spot":{"id":8,"spotNr":2,"width":15,"invalid":false}},{"id":27,"shortAnswerSpotIndex":2,"shortAnswerSolutionIndex":2,"invalid":false,"solution":{"id":9,"text":"==","invalid":false},"spot":{"id":9,"spotNr":3,"width":15,"invalid":false}}],"similarityValue":85,"matchLetterCase":false},{"type":"multiple-choice","id":130,"title":"Choose the correct answer","text":"What is the output of the following code?\n\n\nint a = 10;\nint b = 5;\nSystem.out.println(a + b);","hint":"This is a simple addition of two integers.","points":5,"scoringType":"ALL_OR_NOTHING","randomizeOrder":true,"invalid":false,"answerOptions":[{"id":1181,"text":"15","hint":"Addition of a and b gives 15.","explanation":"The sum of 10 and 5 is 15, which is printed.","isCorrect":true,"invalid":false},{"id":1182,"text":"105","isCorrect":false,"invalid":false},{"id":1183,"text":"50","isCorrect":false,"invalid":false},{"id":1184,"text":"75","isCorrect":false,"invalid":false}],"singleChoice":false},{"type":"multiple-choice","id":131,"title":"Choose the correct answer","text":"What will the following Java code print?\n\n\nString name = \"Java\";\nSystem.out.println(name.length());","hint":"This method returns the number of characters in the string.","points":5,"scoringType":"ALL_OR_NOTHING","randomizeOrder":true,"invalid":false,"answerOptions":[{"id":1185,"text":"4","hint":"\"Java\" has 4 characters.","explanation":"The .length() method returns the number of characters in the string.","isCorrect":true,"invalid":false},{"id":1186,"text":"5","isCorrect":false,"invalid":false},{"id":1187,"text":"3","isCorrect":false,"invalid":false},{"id":1188,"text":"6","isCorrect":false,"invalid":false}],"singleChoice":false},{"type":"multiple-choice","id":132,"title":"Choose the correct answer","text":"What is the correct way to create an array of integers in Java?","hint":"You need to specify both the type and the size of the array.","points":5,"scoringType":"ALL_OR_NOTHING","randomizeOrder":true,"invalid":false,"answerOptions":[{"id":1189,"text":"int[] arr = new int[5];","hint":"Arrays in Java are declared with the type followed by square brackets.","explanation":"The array arr is an integer array with 5 elements.","isCorrect":true,"invalid":false},{"id":1190,"text":"int arr = new int[5];","isCorrect":false,"invalid":false},{"id":1191,"text":"String arr = new String[5];","isCorrect":false,"invalid":false}],"singleChoice":false},{"type":"multiple-choice","id":133,"title":"Choose the correct answer","text":"What is the result of the following Java expression: 10 / 2?","hint":"Remember how division works with integers in Java.","points":5,"scoringType":"ALL_OR_NOTHING","randomizeOrder":true,"invalid":false,"answerOptions":[{"id":1192,"text":"5","hint":"The result is an integer because both numbers are integers.","explanation":"In Java, when two integers are divided, the result is also an integer (with any remainder discarded).","isCorrect":true,"invalid":false},{"id":1193,"text":"5.0","isCorrect":false,"invalid":false}],"singleChoice":false},{"type":"multiple-choice","id":134,"title":"Choose the correct answer","text":"What does the main method in Java look like?","hint":"The main method is the entry point for any Java application.","points":5,"scoringType":"ALL_OR_NOTHING","randomizeOrder":true,"invalid":false,"answerOptions":[{"id":1194,"text":"public static void main(String[] args)","hint":"This is the method signature that Java looks for when running a program.","explanation":"The main method is always public static void main(String[] args), which allows Java to start executing the program.","isCorrect":true,"invalid":false},{"id":1195,"text":"public void main(String[] args)","isCorrect":false,"invalid":false},{"id":1196,"text":"public void main(String[] )","isCorrect":false,"invalid":false},{"id":1197,"text":"public void main(String args)","isCorrect":false,"invalid":false}],"singleChoice":false},{"type":"multiple-choice","id":135,"title":"Choose the correct answer","text":"Which of the following data types is used to store a decimal number in Java?","hint":"Think about which type can store numbers with decimal points.","points":5,"scoringType":"ALL_OR_NOTHING","randomizeOrder":true,"invalid":false,"answerOptions":[{"id":1198,"text":"double","hint":"double is used for storing decimal numbers in Java.","explanation":"In Java, double is used for storing floating-point numbers (numbers with decimal points).","isCorrect":true,"invalid":false},{"id":1199,"text":"int","isCorrect":false,"invalid":false},{"id":1200,"text":"String","isCorrect":false,"invalid":false},{"id":1201,"text":"boolean","isCorrect":false,"invalid":false}],"singleChoice":false},{"type":"multiple-choice","id":136,"title":"Choose the correct answer","text":"What does the System.out.println() method do in Java?","hint":"This method is often used for displaying output to the console.","points":5,"scoringType":"ALL_OR_NOTHING","randomizeOrder":true,"invalid":false,"answerOptions":[{"id":1202,"text":"It prints text or variables to the console.","hint":"println stands for \"print line\" and displays information.","explanation":"The System.out.println() method in Java is used to output text or variables to the console, followed by a new line.","isCorrect":true,"invalid":false},{"id":1203,"text":"It reads input from the console.","isCorrect":false,"invalid":false},{"id":1204,"text":"Delare a function.","isCorrect":false,"invalid":false},{"id":1205,"text":"Delare a class.","isCorrect":false,"invalid":false}],"singleChoice":false},{"type":"multiple-choice","id":137,"title":"Choose the correct answer","text":"Which of the following is used to write a comment in Java?","hint":"Comments are used to explain code and are not executed.","points":5,"scoringType":"ALL_OR_NOTHING","randomizeOrder":true,"invalid":false,"answerOptions":[{"id":1206,"text":"//","hint":"This is the syntax for single-line comments in Java.","explanation":"In Java, single-line comments are written using //, and everything after // on that line is ignored by the compiler.","isCorrect":true,"invalid":false},{"id":1207,"text":"/* */","isCorrect":false,"invalid":false},{"id":1208,"text":"++","isCorrect":false,"invalid":false},{"id":1209,"text":"--","isCorrect":false,"invalid":false}],"singleChoice":false},{"type":"drag-and-drop","id":138,"title":"project","text":"Fill the empty spaces in the UML diagram by dragging and dropping the elements below the diagram into the correct places.","points":25,"scoringType":"PROPORTIONAL_WITH_PENALTY","randomizeOrder":true,"invalid":false,"backgroundFilePath":"/api/files/drag-and-drop/backgrounds/138/dnd_image_2024-12-03T07-47-34-749_5ac6ab25-de57-4eb7-8206-58680f7dc488.png","dropLocations":[{"id":47,"posX":67.38,"posY":140.07,"width":58.69,"height":13.32,"invalid":false},{"id":48,"posX":123.11,"posY":51.28,"width":71.8,"height":13.32,"invalid":false},{"id":49,"posX":5.08,"posY":37.96,"width":52.13,"height":13.32,"invalid":false},{"id":50,"posX":126.23,"posY":77.69,"width":37.34,"height":97.05,"invalid":false},{"id":51,"posX":29.51,"posY":77.69,"width":37.7,"height":97.05,"invalid":false}],"dragItems":[{"id":47,"text":"+ Project ID: String","invalid":false},{"id":48,"text":"+ Location: String","invalid":false},{"id":49,"text":"+ Phone: Interger","invalid":false},{"id":50,"pictureFilePath":"/api/files/drag-and-drop/drag-items/50/dnd_image_2024-12-03T07-47-34-749_b35b9d9a-770c-441b-97a0-0ff5bd1a3731.png","invalid":false},{"id":51,"pictureFilePath":"/api/files/drag-and-drop/drag-items/51/dnd_image_2024-12-03T07-47-34-749_ad3b5dfb-c55f-4f0f-b33f-5a10b98617c4.png","invalid":false}],"correctMappings":[{"id":59,"dragItemIndex":0,"dropLocationIndex":0,"invalid":false,"dragItem":{"id":47,"text":"+ Project ID: String","invalid":false},"dropLocation":{"id":47,"posX":67.38,"posY":140.07,"width":58.69,"height":13.32,"invalid":false}},{"id":60,"dragItemIndex":1,"dropLocationIndex":1,"invalid":false,"dragItem":{"id":48,"text":"+ Location: String","invalid":false},"dropLocation":{"id":48,"posX":123.11,"posY":51.28,"width":71.8,"height":13.32,"invalid":false}},{"id":61,"dragItemIndex":2,"dropLocationIndex":2,"invalid":false,"dragItem":{"id":49,"text":"+ Phone: Interger","invalid":false},"dropLocation":{"id":49,"posX":5.08,"posY":37.96,"width":52.13,"height":13.32,"invalid":false}},{"id":62,"dragItemIndex":3,"dropLocationIndex":3,"invalid":false,"dragItem":{"id":50,"pictureFilePath":"/api/files/drag-and-drop/drag-items/50/dnd_image_2024-12-03T07-47-34-749_b35b9d9a-770c-441b-97a0-0ff5bd1a3731.png","invalid":false},"dropLocation":{"id":50,"posX":126.23,"posY":77.69,"width":37.34,"height":97.05,"invalid":false}},{"id":63,"dragItemIndex":4,"dropLocationIndex":4,"invalid":false,"dragItem":{"id":51,"pictureFilePath":"/api/files/drag-and-drop/drag-items/51/dnd_image_2024-12-03T07-47-34-749_ad3b5dfb-c55f-4f0f-b33f-5a10b98617c4.png","invalid":false},"dropLocation":{"id":51,"posX":29.51,"posY":77.69,"width":37.7,"height":97.05,"invalid":false}}]}]