[{"type":"short-answer","id":141,"title":"Short question","text":"###Fill in the blanks to complete the following code.\n\npublic class Main {\n    public static void main(String[] args) {\n        int num = 29;\n        boolean isPrime = true;\n        \n        for (int i = 2; i [-spot 1] num / 2; i++) {  // blank 1\n            if (num [-spot 2] i [-spot 3] 0) {  // blank 2 và 3\n                isPrime = false;\n                break;\n            }\n        }\n        \n        if (isPrime) {\n            System.out.println(num + \" is Prime\");\n        } else {\n            System.out.println(num + \" is not Prime\");\n        }\n    }\n}\n\n##Suggestions: \n+ %\n+ >\n+ ==\n+ <=\n+ <","points":15,"scoringType":"PROPORTIONAL_WITHOUT_PENALTY","randomizeOrder":true,"invalid":false,"spots":[{"id":10,"spotNr":1,"width":15,"invalid":false},{"id":11,"spotNr":2,"width":15,"invalid":false},{"id":12,"spotNr":3,"width":15,"invalid":false}],"solutions":[{"id":10,"text":"<=","invalid":false},{"id":11,"text":"%","invalid":false},{"id":12,"text":"==","invalid":false}],"correctMappings":[{"id":37,"shortAnswerSpotIndex":0,"shortAnswerSolutionIndex":0,"invalid":false,"solution":{"id":10,"text":"<=","invalid":false},"spot":{"id":10,"spotNr":1,"width":15,"invalid":false}},{"id":38,"shortAnswerSpotIndex":1,"shortAnswerSolutionIndex":1,"invalid":false,"solution":{"id":11,"text":"%","invalid":false},"spot":{"id":11,"spotNr":2,"width":15,"invalid":false}},{"id":39,"shortAnswerSpotIndex":2,"shortAnswerSolutionIndex":2,"invalid":false,"solution":{"id":12,"text":"==","invalid":false},"spot":{"id":12,"spotNr":3,"width":15,"invalid":false}}],"similarityValue":85,"matchLetterCase":false},{"type":"multiple-choice","id":142,"title":"Choose the correct answer","text":"What is the output of the following code?\n\n\nint a = 10;\nint b = 5;\nSystem.out.println(a + b);","hint":"This is a simple addition of two integers.","points":5,"scoringType":"ALL_OR_NOTHING","randomizeOrder":true,"invalid":false,"answerOptions":[{"id":1297,"text":"15","hint":"Addition of a and b gives 15.","explanation":"The sum of 10 and 5 is 15, which is printed.","isCorrect":true,"invalid":false},{"id":1298,"text":"105","isCorrect":false,"invalid":false},{"id":1299,"text":"50","isCorrect":false,"invalid":false},{"id":1300,"text":"75","isCorrect":false,"invalid":false}],"singleChoice":false},{"type":"multiple-choice","id":143,"title":"Choose the correct answer","text":"What will the following Java code print?\n\n\nString name = \"Java\";\nSystem.out.println(name.length());","hint":"This method returns the number of characters in the string.","points":5,"scoringType":"ALL_OR_NOTHING","randomizeOrder":true,"invalid":false,"answerOptions":[{"id":1301,"text":"4","hint":"\"Java\" has 4 characters.","explanation":"The .length() method returns the number of characters in the string.","isCorrect":true,"invalid":false},{"id":1302,"text":"5","isCorrect":false,"invalid":false},{"id":1303,"text":"3","isCorrect":false,"invalid":false},{"id":1304,"text":"6","isCorrect":false,"invalid":false}],"singleChoice":false},{"type":"multiple-choice","id":144,"title":"Choose the correct answer","text":"What is the correct way to create an array of integers in Java?","hint":"You need to specify both the type and the size of the array.","points":5,"scoringType":"ALL_OR_NOTHING","randomizeOrder":true,"invalid":false,"answerOptions":[{"id":1305,"text":"int[] arr = new int[5];","hint":"Arrays in Java are declared with the type followed by square brackets.","explanation":"The array arr is an integer array with 5 elements.","isCorrect":true,"invalid":false},{"id":1306,"text":"int arr = new int[5];","isCorrect":false,"invalid":false},{"id":1307,"text":"String arr = new String[5];","isCorrect":false,"invalid":false}],"singleChoice":false},{"type":"multiple-choice","id":145,"title":"Choose the correct answer","text":"What is the result of the following Java expression: 10 / 2?","hint":"Remember how division works with integers in Java.","points":5,"scoringType":"ALL_OR_NOTHING","randomizeOrder":true,"invalid":false,"answerOptions":[{"id":1308,"text":"5","hint":"The result is an integer because both numbers are integers.","explanation":"In Java, when two integers are divided, the result is also an integer (with any remainder discarded).","isCorrect":true,"invalid":false},{"id":1309,"text":"5.0","isCorrect":false,"invalid":false}],"singleChoice":false},{"type":"multiple-choice","id":146,"title":"Choose the correct answer","text":"What does the main method in Java look like?","hint":"The main method is the entry point for any Java application.","points":5,"scoringType":"ALL_OR_NOTHING","randomizeOrder":true,"invalid":false,"answerOptions":[{"id":1310,"text":"public static void main(String[] args)","hint":"This is the method signature that Java looks for when running a program.","explanation":"The main method is always public static void main(String[] args), which allows Java to start executing the program.","isCorrect":true,"invalid":false},{"id":1311,"text":"public void main(String[] args)","isCorrect":false,"invalid":false},{"id":1312,"text":"public void main(String[] )","isCorrect":false,"invalid":false},{"id":1313,"text":"public void main(String args)","isCorrect":false,"invalid":false}],"singleChoice":false},{"type":"multiple-choice","id":147,"title":"Choose the correct answer","text":"Which of the following data types is used to store a decimal number in Java?","hint":"Think about which type can store numbers with decimal points.","points":5,"scoringType":"ALL_OR_NOTHING","randomizeOrder":true,"invalid":false,"answerOptions":[{"id":1314,"text":"double","hint":"double is used for storing decimal numbers in Java.","explanation":"In Java, double is used for storing floating-point numbers (numbers with decimal points).","isCorrect":true,"invalid":false},{"id":1315,"text":"int","isCorrect":false,"invalid":false},{"id":1316,"text":"String","isCorrect":false,"invalid":false},{"id":1317,"text":"boolean","isCorrect":false,"invalid":false}],"singleChoice":false},{"type":"multiple-choice","id":148,"title":"Choose the correct answer","text":"What does the System.out.println() method do in Java?","hint":"This method is often used for displaying output to the console.","points":5,"scoringType":"ALL_OR_NOTHING","randomizeOrder":true,"invalid":false,"answerOptions":[{"id":1318,"text":"It prints text or variables to the console.","hint":"println stands for \"print line\" and displays information.","explanation":"The System.out.println() method in Java is used to output text or variables to the console, followed by a new line.","isCorrect":true,"invalid":false},{"id":1319,"text":"It reads input from the console.","isCorrect":false,"invalid":false},{"id":1320,"text":"Delare a function.","isCorrect":false,"invalid":false},{"id":1321,"text":"Delare a class.","isCorrect":false,"invalid":false}],"singleChoice":false},{"type":"multiple-choice","id":149,"title":"Choose the correct answer","text":"Which of the following is used to write a comment in Java?","hint":"Comments are used to explain code and are not executed.","points":5,"scoringType":"ALL_OR_NOTHING","randomizeOrder":true,"invalid":false,"answerOptions":[{"id":1322,"text":"//","hint":"This is the syntax for single-line comments in Java.","explanation":"In Java, single-line comments are written using //, and everything after // on that line is ignored by the compiler.","isCorrect":true,"invalid":false},{"id":1323,"text":"/* */","isCorrect":false,"invalid":false},{"id":1324,"text":"++","isCorrect":false,"invalid":false},{"id":1325,"text":"--","isCorrect":false,"invalid":false}],"singleChoice":false},{"type":"drag-and-drop","id":150,"title":"project","text":"Fill the empty spaces in the UML diagram by dragging and dropping the elements below the diagram into the correct places.","points":25,"scoringType":"PROPORTIONAL_WITH_PENALTY","randomizeOrder":true,"invalid":false,"backgroundFilePath":"/api/files/drag-and-drop/backgrounds/150/dnd_image_2024-12-03T09-04-16-006_q10_background.png","dropLocations":[{"id":61,"posX":67.38,"posY":140.07,"width":58.69,"height":13.32,"invalid":false},{"id":62,"posX":123.11,"posY":51.28,"width":71.8,"height":13.32,"invalid":false},{"id":63,"posX":5.08,"posY":37.96,"width":52.13,"height":13.32,"invalid":false},{"id":64,"posX":126.23,"posY":77.69,"width":37.34,"height":97.05,"invalid":false},{"id":65,"posX":29.51,"posY":77.69,"width":37.7,"height":97.05,"invalid":false}],"dragItems":[{"id":61,"text":"+ Project ID: String","invalid":false},{"id":62,"text":"+ Location: String","invalid":false},{"id":63,"text":"+ Phone: Interger","invalid":false},{"id":64,"pictureFilePath":"/api/files/drag-and-drop/drag-items/64/dnd_image_2024-12-03T09-04-16-006_q10_dragItem-3.png","invalid":false},{"id":65,"pictureFilePath":"/api/files/drag-and-drop/drag-items/65/dnd_image_2024-12-03T09-04-16-007_q10_dragItem-4.png","invalid":false}],"correctMappings":[{"id":73,"dragItemIndex":0,"dropLocationIndex":0,"invalid":false,"dragItem":{"id":61,"text":"+ Project ID: String","invalid":false},"dropLocation":{"id":61,"posX":67.38,"posY":140.07,"width":58.69,"height":13.32,"invalid":false}},{"id":74,"dragItemIndex":1,"dropLocationIndex":1,"invalid":false,"dragItem":{"id":62,"text":"+ Location: String","invalid":false},"dropLocation":{"id":62,"posX":123.11,"posY":51.28,"width":71.8,"height":13.32,"invalid":false}},{"id":75,"dragItemIndex":2,"dropLocationIndex":2,"invalid":false,"dragItem":{"id":63,"text":"+ Phone: Interger","invalid":false},"dropLocation":{"id":63,"posX":5.08,"posY":37.96,"width":52.13,"height":13.32,"invalid":false}},{"id":76,"dragItemIndex":3,"dropLocationIndex":3,"invalid":false,"dragItem":{"id":64,"pictureFilePath":"/api/files/drag-and-drop/drag-items/64/dnd_image_2024-12-03T09-04-16-006_q10_dragItem-3.png","invalid":false},"dropLocation":{"id":64,"posX":126.23,"posY":77.69,"width":37.34,"height":97.05,"invalid":false}},{"id":77,"dragItemIndex":4,"dropLocationIndex":4,"invalid":false,"dragItem":{"id":65,"pictureFilePath":"/api/files/drag-and-drop/drag-items/65/dnd_image_2024-12-03T09-04-16-007_q10_dragItem-4.png","invalid":false},"dropLocation":{"id":65,"posX":29.51,"posY":77.69,"width":37.7,"height":97.05,"invalid":false}}]},{"type":"drag-and-drop","id":151,"title":"Drag and drop the answer","text":"Complete this code.","points":20,"scoringType":"PROPORTIONAL_WITH_PENALTY","randomizeOrder":true,"invalid":false,"backgroundFilePath":"/api/files/drag-and-drop/backgrounds/151/dnd_image_2024-12-03T09-05-39-029_f85981fc-5abc-4be4-8026-ce8dbe42516e.background","dropLocations":[{"id":66,"posX":39,"posY":18,"width":19,"height":7,"invalid":false},{"id":67,"posX":33,"posY":7,"width":17,"height":7,"invalid":false},{"id":68,"posX":134,"posY":95,"width":31,"height":7,"invalid":false},{"id":69,"posX":33,"posY":116,"width":36,"height":9,"invalid":false}],"dragItems":[{"id":66,"pictureFilePath":"/api/files/drag-and-drop/drag-items/66/dnd_image_2024-12-03T09-05-39-030_deb377c1-ffef-49d1-a85b-eabe69224cac.placeholder39","invalid":false},{"id":67,"pictureFilePath":"/api/files/drag-and-drop/drag-items/67/dnd_image_2024-12-03T09-05-39-030_ebf99bcb-9de9-4ffd-ae78-b757e632a35d.placeholder33","invalid":false},{"id":68,"pictureFilePath":"/api/files/drag-and-drop/drag-items/68/dnd_image_2024-12-03T09-05-39-030_f257c336-de22-4e2d-b6b0-3763f9d02c03.placeholder134","invalid":false},{"id":69,"pictureFilePath":"/api/files/drag-and-drop/drag-items/69/dnd_image_2024-12-03T09-05-39-030_6d93cdcd-eaeb-4359-bca1-f908ef8a9df4.placeholder33","invalid":false}],"correctMappings":[{"id":78,"dragItemIndex":0,"dropLocationIndex":0,"invalid":false,"dragItem":{"id":66,"pictureFilePath":"/api/files/drag-and-drop/drag-items/66/dnd_image_2024-12-03T09-05-39-030_deb377c1-ffef-49d1-a85b-eabe69224cac.placeholder39","invalid":false},"dropLocation":{"id":66,"posX":39,"posY":18,"width":19,"height":7,"invalid":false}},{"id":79,"dragItemIndex":1,"dropLocationIndex":1,"invalid":false,"dragItem":{"id":67,"pictureFilePath":"/api/files/drag-and-drop/drag-items/67/dnd_image_2024-12-03T09-05-39-030_ebf99bcb-9de9-4ffd-ae78-b757e632a35d.placeholder33","invalid":false},"dropLocation":{"id":67,"posX":33,"posY":7,"width":17,"height":7,"invalid":false}},{"id":80,"dragItemIndex":2,"dropLocationIndex":2,"invalid":false,"dragItem":{"id":68,"pictureFilePath":"/api/files/drag-and-drop/drag-items/68/dnd_image_2024-12-03T09-05-39-030_f257c336-de22-4e2d-b6b0-3763f9d02c03.placeholder134","invalid":false},"dropLocation":{"id":68,"posX":134,"posY":95,"width":31,"height":7,"invalid":false}},{"id":81,"dragItemIndex":3,"dropLocationIndex":3,"invalid":false,"dragItem":{"id":69,"pictureFilePath":"/api/files/drag-and-drop/drag-items/69/dnd_image_2024-12-03T09-05-39-030_6d93cdcd-eaeb-4359-bca1-f908ef8a9df4.placeholder33","invalid":false},"dropLocation":{"id":69,"posX":33,"posY":116,"width":36,"height":9,"invalid":false}}]}]